[
  {
    "title": "The ring",
    "subTitle": "Wolverine",
    "picture": "https://static2.cbrimages.com/wordpress/wp-content/uploads/2017/03/hugh-jackman-shirtless-in-the-wolverine.jpg"
  },
  {
    "title": "Wolverine",
    "subTitle": "Wolverine",
    "picture": "https://static2.cbrimages.com/wordpress/wp-content/uploads/2017/03/hugh-jackman-shirtless-in-the-wolverine.jpg"
  },
  {
    "title": "Fry",
    "subTitle": "Wolverine",
    "picture": "https://static2.cbrimages.com/wordpress/wp-content/uploads/2017/03/hugh-jackman-shirtless-in-the-wolverine.jpg"
  },
  {
      "title": "Captain america",
      "subTitle": "Captain america",
      "picture": "https://static2.cbrimages.com/wordpress/wp-content/uploads/2017/03/hugh-jackman-shirtless-in-the-wolverine.jpg"
  }
]
