{
  "NWTel": {
    "PRODUCTION_URL": "https://nwtel-tv.tv2consulting.com",
    "DEVELOPMENT_URL": "https://ott-dev.tv2consulting.com",
    "STAGING_URL": "https://nwtel-staging-tv.tv2consulting.com",
    "PRODUCTION_BASE_URL": "https://nwtel-auth.tv2consulting.com",
    "DEVELOPMENT_BASE_URL": "https://hargray-auth-dev.tv2consulting.com",
    "STAGING_BASE_URL": "https://nwtel-auth-staging.tv2consulting.com",
    "LogoUrl": "https://ott-logos.s3.us-east-1.amazonaws.com/",
    "LogoExtension": ".png",
    "ClientId": "nwtel-va",
    "Scope": "openid",
    "BaseUrl": "https://nwtel-auth.tv2consulting.com",
    "AuthorizeUrl": "https://nwtel-auth.tv2consulting.com/auth",
    "IssuerUrl": "https://nwtel-auth.tv2consulting.com",
    "CertUrl": "https://nwtel-auth.tv2consulting.com/certs",
    "LogTag": "NwtelTV",
    "RedirectUrlQuery": "public/mobile_splash_screen.html",
    "ResponseType": "code token",
    "ClientSecret": "TV2customer",
    "AccessTokenURL": "https://nwtel-auth.tv2consulting.com/token",
    "TestIPAddress": "73.241.153.123",
    "VSSPBaseAddress": "http://hargray-cdvr.tv2consulting.com:9090/v2/npvr/{0}/0/END/TV2_HLS_ENC?redirect:1",
    "PROD_HPNR_URL": "https://nwtel-tv.tv2consulting.com/",
    "STAG_HPNR_URL": "https://nwtel-staging-tv.tv2consulting.com/",
    "IsDevBuild": "false",
    "ExpiryDate": "06/05/2028",
    "CalendarDate": "",
    "ReleaseDate": "",
    "DisableExpirationCheck": "false",
    "StreamProxyHost": "http://127.0.0.1",
    "ManifestProxyBaseUrl": "https://hargray-mcastabr-manifest-proxy.tv2consulting.com",
    "PatchPosterByURL": "https://nwtel-posters.tv2consulting.com/PosterArtsClientV2/Posters/ott/720.16:9?programId:",
    "FetchPosterByURL": "http://nwtel-posters.tv2consulting.com/PosterArtsClientV2/Posters/ott/720.16:9?programId:",
    "SupportPageURL": "https://www.nwtel.ca/about-us/contact-us",
    "ChatPageURL": "https://www.nwtel.ca/contact",
    "NWTelSupportDeskNumber": "18884232333",
    "TermsAndConditionsURL": "",
    "CurrentPlayerType": "",
    "AssetorProgramID": "",
    "DefaultKongEnvironment": "",
    "MulticastGeolocation": "in-home",
    "EnableOnDemandFeature": "true",
    "UnlockedID": [],
    "StreamRetuneTimeMS": 120000,
    "RetuneRetryMaxCount": 300,
    "DialogAutoHideDurationMS": 300000,
    "VPForwardDurationSec": 30,
    "VPRewindDurationSec": 10,
    "EPGLastDay": 14,
    "WaitCompleteMilliseconds": 1000,
    "DiagIntervalMilliseconds": 60000,
    "StreamProxyPort": 5000,
    "MaxDownloadLimit": 100,
    "COORS_POST_PROCESSING_TIME_IN_MILLISECONDS": 900000,
    "UPDATE_EPG_DATA_TIME_LIMIT_IN_MILLISECONDS": 28800000,
    "MaxResponseContentBufferSize": 3000000,
    "LOGO_REFRESH_DURATION": 24,
    "DurationAppStatUpdateCycleInMilliseconds": 120000,
    "IsNonceNeeded": true,
    "ShouldRemovePort": false,
    "IsFairPlayEnable": true,
    "IsDRMEnableForDownloadedContent": true,
    "ShouldShowCurrentPosition": false,
    "EnableKongEnvironment": false,
    "EnablePrivacyPage": true,
    "EnableEnvironmentSelection": true,
    "EnableRestartSVODAndDVR ": true,
    "VSPlaying": true,
    "DisableVideoPlayBack": false,
    "DisableHideUnsubscribeBetaFeature": false,
    "IsDeviceActive": true,
    "IsLogosUpdated": false,
    "IsParentalControlEnabled": true,
    "IsStreamingDiagnosticOverlayEnabled": false,
    "CheckForDeviceLimitReached": true,
    "IsVODWidevineDRMEnabled ": true,
    "IsMediaRoomAccount": false,
    "UseNewVODAPIs": true,
    "isHPNREnabled": true,
    "UseProtobufForPacket": false,
    "PacketIsBigEndian": false,
    "DisablePermissionCheck": false,
    "OperatorThemeColor": "#00865D",
    "OperatorFontName": "Basis Grotesque Pro"
  },
  "CCAP": {
    "PRODUCTION_URL": "https://ccap-tv.tv2consulting.com",
    "DEVELOPMENT_URL": "https://tv2trn-ccap-tv.tv2consulting.com",
    "STAGING_URL": "https://tv2trn-ccap-tv.tv2consulting.com",
    "PRODUCTION_BASE_URL": "https://ccap-auth.tv2consulting.com",
    "DEVELOPMENT_BASE_URL": "https://tv2trn-ccap-auth.tv2consulting.com",
    "STAGING_BASE_URL": "https://tv2trn-ccap-auth.tv2consulting.com",
    "LogoUrl": "https://ott-logos.s3.us-east-1.amazonaws.com/",
    "LogoExtension": ".png",
    "ClientId": "ccap-va",
    "Scope": "openid",
    "BaseUrl": "https://ccap-auth.tv2consulting.com",
    "AuthorizeUrl": "https://ccap-auth.tv2consulting.com/auth",
    "IssuerUrl": "https://ccap-auth.tv2consulting.com",
    "CertUrl": "https://ccap-auth.tv2consulting.com/certs",
    "LogTag": "CCAPTV",
    "RedirectUrlQuery": "public/mobile_splash_screen.html",
    "ResponseType": "code token",
    "ClientSecret": "TV2customer",
    "AccessTokenURL": "https://ccap-auth.tv2consulting.com/token",
    "TestIPAddress": "73.241.153.123",
    "VSSPBaseAddress": "http://ccap-vodcdvr.tv2consulting.com:9090/v2/abr_dvr/{0}/{1}/{2}?redirect=1",
    "PROD_HPNR_URL": "https://ccap-tv.tv2consulting.com/",
    "STAG_HPNR_URL": "https://tv2trn-ccap-tv.tv2consulting.com/",
    "IsDevBuild": "false",
    "ExpiryDate": "06/05/2028",
    "CalendarDate": "",
    "ReleaseDate": "",
    "DisableExpirationCheck": "false",
    "StreamProxyHost": "http://127.0.0.1",
    "ManifestProxyBaseUrl": "https://hargray-mcastabr-manifest-proxy.tv2consulting.com",
    "PatchPosterByURL": "http://ccap-posters.tv2consulting.com/CCAPPosterArtClient/image_v2?programId=",
    "FetchPosterByURL": "http://ccap-posters.tv2consulting.com/CCAPPosterArtClient/image_v2?programId=",
    "SupportPageURL": "https://espaceclient.ccapcable.com/",
    "ChatPageURL": "https://chat.nwtel.ca/",
    "NWTelSupportDeskNumber": "18884232333",
    "TermsAndConditionsURL": "https://www.ccapcable.com/politique-d-emploi-et-contrat-de-service-2100",
    "CurrentPlayerType": "",
    "AssetorProgramID": "",
    "DefaultKongEnvironment": "",
    "MulticastGeolocation": "in-home",
    "EnableOnDemandFeature": "true",
    "UnlockedID": [],
    "StreamRetuneTimeMS": 120000,
    "RetuneRetryMaxCount": 300,
    "DialogAutoHideDurationMS": 300000,
    "VPForwardDurationSec": 30,
    "VPRewindDurationSec": 10,
    "EPGLastDay": 14,
    "WaitCompleteMilliseconds": 1000,
    "DiagIntervalMilliseconds": 60000,
    "StreamProxyPort": 5000,
    "MaxDownloadLimit": 100,
    "COORS_POST_PROCESSING_TIME_IN_MILLISECONDS": 900000,
    "UPDATE_EPG_DATA_TIME_LIMIT_IN_MILLISECONDS": 28800000,
    "MaxResponseContentBufferSize": 3000000,
    "LOGO_REFRESH_DURATION": 24,
    "DurationAppStatUpdateCycleInMilliseconds": 120000,
    "IsNonceNeeded": true,
    "ShouldRemovePort": false,
    "IsFairPlayEnable": true,
    "IsDRMEnableForDownloadedContent": true,
    "ShouldShowCurrentPosition": false,
    "EnableKongEnvironment": false,
    "EnablePrivacyPage": true,
    "EnableEnvironmentSelection": true,
    "EnableRestartSVODAndDVR ": true,
    "VSPlaying": true,
    "DisableVideoPlayBack": false,
    "DisableHideUnsubscribeBetaFeature": false,
    "IsDeviceActive": true,
    "IsLogosUpdated": false,
    "IsParentalControlEnabled": true,
    "IsStreamingDiagnosticOverlayEnabled": false,
    "CheckForDeviceLimitReached": true,
    "IsVODWidevineDRMEnabled ": true,
    "IsMediaRoomAccount": false,
    "UseNewVODAPIs": true,
    "isHPNREnabled": true,
    "UseProtobufForPacket": false,
    "PacketIsBigEndian": false,
    "DisablePermissionCheck": false,
    "OperatorThemeColor": "#F07D00",
    "OperatorFontName": "Nunito Sans"
  },
  "TBAYTEL": {
    "PRODUCTION_URL": "https://tbaytel-tv.tv2consulting.com",
    "DEVELOPMENT_URL": "https://tbaytel-dev-tv.tv2consulting.com",
    "STAGING_URL": "https://tbaytel-tv-staging.tv2consulting.com",
    "PRODUCTION_BASE_URL": "https://tbaytel-auth.tv2consulting.com",
    "DEVELOPMENT_BASE_URL": "https://tbaytel-dev-auth.tv2consulting.com",
    "STAGING_BASE_URL": "https://tbaytel-auth-staging.tv2consulting.com",
    "LogoUrl": "https://ott-logos.s3.us-east-1.amazonaws.com/",
    "LogoExtension": ".png",
    "ClientId": "tbay-va",
    "Scope": "openid",
    "BaseUrl": "https://tbaytel-auth.tv2consulting.com",
    "AuthorizeUrl": "https://tbaytel-auth.tv2consulting.com/auth",
    "IssuerUrl": "https://tbaytel-auth.tv2consulting.com",
    "CertUrl": "https://tbaytel-auth.tv2consulting.com/certs",
    "LogTag": "TbaytelTV",
    "RedirectUrlQuery": "public/mobile_splash_screen.html",
    "ResponseType": "code token",
    "ClientSecret": "TV2customer",
    "AccessTokenURL": "https://tbaytel-auth.tv2consulting.com/token",
    "TestIPAddress": "73.241.153.123",
    "VSSPBaseAddress": "http://hargray-cdvr.tv2consulting.com:9090/v2/npvr/{0}/0/END/TV2_HLS_ENC?redirect:1",
    "PROD_HPNR_URL": "https://tbaytel-tv.tv2consulting.com",
    "STAG_HPNR_URL": "https://tbaytel-tv-staging.tv2consulting.com",
    "IsDevBuild": "false",
    "ExpiryDate": "06/05/2028",
    "CalendarDate": "",
    "ReleaseDate": "",
    "DisableExpirationCheck": "false",
    "StreamProxyHost": "http://127.0.0.1",
    "ManifestProxyBaseUrl": "https://hargray-mcastabr-manifest-proxy.tv2consulting.com",
    "PatchPosterByURL": "http://mobiletv-poster-dev.tbaytel.net/api/v1/poster?programId=",
    "FetchPosterByURL": "http://mobiletv-poster-dev.tbaytel.net/api/v1/poster?programId=",
    "SupportPageURL": "https://www.tbaytel.net/mytbaytel",
    "ChatPageURL": "https://chat.nwtel.ca/",
    "NWTelSupportDeskNumber": "18884232333",
    "TermsAndConditionsURL": "https://www.tbaytel.net/tvexperience",
    "CurrentPlayerType": "",
    "AssetorProgramID": "",
    "DefaultKongEnvironment": "",
    "MulticastGeolocation": "in-home",
    "EnableOnDemandFeature": "true",
    "UnlockedID": [],
    "StreamRetuneTimeMS": 120000,
    "RetuneRetryMaxCount": 300,
    "DialogAutoHideDurationMS": 300000,
    "VPForwardDurationSec": 30,
    "VPRewindDurationSec": 10,
    "EPGLastDay": 14,
    "WaitCompleteMilliseconds": 1000,
    "DiagIntervalMilliseconds": 60000,
    "StreamProxyPort": 5000,
    "MaxDownloadLimit": 100,
    "COORS_POST_PROCESSING_TIME_IN_MILLISECONDS": 900000,
    "UPDATE_EPG_DATA_TIME_LIMIT_IN_MILLISECONDS": 28800000,
    "MaxResponseContentBufferSize": 3000000,
    "LOGO_REFRESH_DURATION": 24,
    "DurationAppStatUpdateCycleInMilliseconds": 120000,
    "IsNonceNeeded": true,
    "ShouldRemovePort": false,
    "IsFairPlayEnable": false,
    "IsDRMEnableForDownloadedContent": false,
    "ShouldShowCurrentPosition": false,
    "EnableKongEnvironment": false,
    "EnablePrivacyPage": false,
    "EnableEnvironmentSelection": true,
    "EnableRestartSVODAndDVR ": true,
    "VSPlaying": true,
    "DisableVideoPlayBack": false,
    "DisableHideUnsubscribeBetaFeature": false,
    "IsDeviceActive": true,
    "IsLogosUpdated": false,
    "IsParentalControlEnabled": true,
    "IsStreamingDiagnosticOverlayEnabled": false,
    "CheckForDeviceLimitReached": true,
    "IsVODWidevineDRMEnabled ": true,
    "IsMediaRoomAccount": false,
    "UseNewVODAPIs": true,
    "isHPNREnabled": true,
    "UseProtobufForPacket": false,
    "PacketIsBigEndian": false,
    "DisablePermissionCheck": false,
    "OperatorThemeColor": "#00AEEF",
    "OperatorFontName": "Avenir"
  },
  "HARGRAY": {
    "PRODUCTION_URL": "https://hargray-tv.tv2consulting.com",
    "DEVELOPMENT_URL": "https://ott-dev.tv2consulting.com",
    "STAGING_URL": "https://hargray-tv-staging.tv2consulting.com",
    "PRODUCTION_BASE_URL": "https://hargray-auth.tv2consulting.com",
    "DEVELOPMENT_BASE_URL": "https://hargray-auth-dev.tv2consulting.com",
    "STAGING_BASE_URL": "https://hargray-auth.tv2consulting.com",
    "LogoUrl": "https://ott-logos.s3.us-east-1.amazonaws.com/",
    "LogoExtension": ".png",
    "ClientId": "har-va",
    "Scope": "openid",
    "BaseUrl": "https://hargray-auth.tv2consulting.com",
    "AuthorizeUrl": "https://hargray-auth.tv2consulting.com/auth",
    "IssuerUrl": "https://hargray-auth.tv2consulting.com",
    "CertUrl": "https://hargray-auth.tv2consulting.com/certs",
    "LogTag": "HargrayTV",
    "RedirectUrlQuery": "public/mobile_splash_screen.html",
    "ResponseType": "code token",
    "ClientSecret": "TV2customer",
    "AccessTokenURL": "https://hargray-auth.tv2consulting.com/token",
    "TestIPAddress": "73.241.153.123",
    "VSSPBaseAddress": "http://hargray-cdvr.tv2consulting.com:9090/v2/npvr/{0}/0/END/TV2_HLS_ENC?redirect=1",
    "PROD_HPNR_URL": "",
    "STAG_HPNR_URL": "",
    "IsDevBuild": "false",
    "ExpiryDate": "06/05/2028",
    "CalendarDate": "",
    "ReleaseDate": "",
    "DisableExpirationCheck": "false",
    "StreamProxyHost": "http://127.0.0.1",
    "ManifestProxyBaseUrl": "https://hargray-mcastabr-manifest-proxy.tv2consulting.com",
    "PatchPosterByURL": "https://nwtel-posters.tv2consulting.com/PosterArtsClientV2/Posters/ott/720.16:9?programId:",
    "FetchPosterByURL": "http://64.20.137.52/PosterArtClient/Image?programId=",
    "SupportPageURL": "https://www.hargray.com/support",
    "ChatPageURL": "https://chat.nwtel.ca/",
    "NWTelSupportDeskNumber": "18884232333",
    "TermsAndConditionsURL": "",
    "CurrentPlayerType": "",
    "AssetorProgramID": "",
    "DefaultKongEnvironment": "",
    "MulticastGeolocation": "in-home",
    "EnableOnDemandFeature": "true",
    "UnlockedID": [],
    "StreamRetuneTimeMS": 120000,
    "RetuneRetryMaxCount": 300,
    "DialogAutoHideDurationMS": 300000,
    "VPForwardDurationSec": 30,
    "VPRewindDurationSec": 10,
    "EPGLastDay": 14,
    "WaitCompleteMilliseconds": 1000,
    "DiagIntervalMilliseconds": 60000,
    "StreamProxyPort": 5000,
    "MaxDownloadLimit": 100,
    "COORS_POST_PROCESSING_TIME_IN_MILLISECONDS": 900000,
    "UPDATE_EPG_DATA_TIME_LIMIT_IN_MILLISECONDS": 28800000,
    "MaxResponseContentBufferSize": 3000000,
    "LOGO_REFRESH_DURATION": 24,
    "DurationAppStatUpdateCycleInMilliseconds": 120000,
    "IsNonceNeeded": true,
    "ShouldRemovePort": false,
    "IsFairPlayEnable": false,
    "IsDRMEnableForDownloadedContent": true,
    "ShouldShowCurrentPosition": false,
    "EnableKongEnvironment": false,
    "EnablePrivacyPage": true,
    "EnableEnvironmentSelection": true,
    "EnableRestartSVODAndDVR ": true,
    "VSPlaying": true,
    "DisableVideoPlayBack": false,
    "DisableHideUnsubscribeBetaFeature": false,
    "IsDeviceActive": true,
    "IsLogosUpdated": false,
    "IsParentalControlEnabled": true,
    "IsStreamingDiagnosticOverlayEnabled": false,
    "CheckForDeviceLimitReached": true,
    "IsVODWidevineDRMEnabled ": true,
    "IsMediaRoomAccount": false,
    "UseNewVODAPIs": true,
    "isHPNREnabled": true,
    "UseProtobufForPacket": false,
    "PacketIsBigEndian": false,
    "DisablePermissionCheck": false,
    "OperatorThemeColor": "#B40B12",
    "OperatorFontName": "Nunito Sans"
  }
}
